Rewill,1,1
Reder,1,1
Gauwill,1,1
Reda,1,1
Wine,1,1
Erert,1,1
Nichye,1,1
Bealdwiu,1,1
Balda,1,1
Georguy,1,1
Vyncent Grayte,1,1
Wrede,1,1
Anthol,1,1
Georguy,1,1
Vyncent,1,1
Vyncis Weke,1,1
Folke Page,1,1
Wulfa,1,1
Bermund,1,1
Narder,1,1
Ewin Erder,1,1
Wine,1,1
Wyne,1,1
Charry Elnnyth,1,1
Lofa,1,1
Johny,1,1
George,1,1
Wilhye,1,1
Burhre,1,1
Fremenr,1,1
Even,2,1
Wynna,2,1
Kathil Arket,2,1
Ealded,2,1
Oftaeth,2,1
Atheth Hawe,2,1
Saethrieua,2,1
Hilda,2,1
Cece Barde,2,1
Huswe,2,1
Burga,2,1
Rega,2,1
Conga,2,1
Gifu,2,1
Ennen Hammerd,2,1
Berga,2,1
Sarrey,2,1
Beatrey Windsalt,2,1
Aben,2,1
Mara,2,1
Mara Potte,2,1
Lyne,2,1
Brytha,2,1
Wyna,2,1
Beada,2,1
Burga,2,1
Saewe,2,1
Aeschis,2,1
Lizab Ringe,2,1
Belia,2,1
Agolar,1,2
Suiliita,1,2
Dukuru,1,2
Alalid,1,2
Nabela,1,2
Adusus,1,2
Ninerga,1,2
Sinmurra,1,2
Suduka,1,2
Attes,1,2
Annal Cormra,1,2
Drele Gladyth,1,2
Ivon Alar,1,2
Aren Jhuuna,1,2
Onolg Deni,1,2
Hounde Alar,1,2
Renalf Halo,1,2
Raree Hylo,1,2
Kraree Tore,1,2
Phaszme Tiirne,1,2
Mauhur,1,2
Lurtzog,1,2
Orcog,1,2
Gorbul,1,2
Gorkil,1,2
Golfimb,1,2
Groduf,1,2
Gashagr,1,2
Balcmuzg,1,2
Mauhak,1,2
Gorbug,1,2
Grat,1,2
Snakhagr,1,2
Shakil,1,2
Gashur,1,2
Mauhak,1,2
Gashak,1,2
Ufthat,1,2
Lugdog,1,2
Gorbolg,1,2
Ninki,2,2
Ayastal,2,2
Nidab,2,2
Lili,2,2
Puabi,2,2
Saba,2,2
Sili,2,2
Ayannal,2,2
Nanna,2,2
Ningal,2,2
Riza Dena,2,2
Vartha Orel,2,2
Trisstra Uthlorn,2,2
Ilrael Tyna,2,2
Avil Tyne,2,2
Malee Velo,2,2
Gaste Tilntarr,2,2
Saprae Teken,2,2
Ebeyas Ormrael,2,2
Alin Maerre,2,2
Olfil,2,2
Lugdush,2,2
Lagdog,2,2
Gorga,2,2
Orgolg,2,2
Orkil,2,2
Buga,2,2
Shakil,2,2
Muzga,2,2
Azog,2,2
Gorga,2,2
Uzgakh,2,2
Oldog,2,2
Ufthag,2,2
Uhuf,2,2
Lugdog,2,2
Buga,2,2
Grat,2,2
Oldol,2,2
Snaga,2,2
Peli Datzy,1,3
Minia Gani,1,3
Meria Jero,1,3
Raelaia Hiro,1,3
Telia Ickstein,1,3
Erah Spitzy,1,3
Adosh Kini,1,3
Mittia Hevi,1,3
Shoshua Roni,1,3
Mielaya Pazy,1,3
Zippel Helfgon,1,3
Achain Rucki,1,3
Yalmaim Sperski,1,3
Zohua Dyahar,1,3
Uriah Feldshuv,1,3
Yorah Singol,1,3
Yedel Pinsko,1,3
Aniad Kantor,1,3
Onan Rosing,1,3
Kelo Golan,1,3
Hsa Mou,1,3
Xia Shuo-Ni,1,3
Shoe Xia-Chio,1,3
Pao Di,1,3
Chao Fo-Hye,1,3
Hsi Yin-Wee,1,3
Tho Sho-Chye,1,3
Yin Chye,1,3
Tsui Yung-Ma,1,3
Moy Gao,1,3
Ke Jai-De,1,3
Ti Si-Chou,1,3
Gao Mou,1,3
Niu Do-La,1,3
Xia Yoong,1,3
Thao Hai,1,3
Hsai Xao,1,3
Fa Xao-Pei,1,3
Chua Chou,1,3
Fou Hi-Chuy,1,3
Xie Qiu,2,3
Go Huo-Tsai,2,3
Qu Hoi-Li,2,3
Ma Chu-Ji,2,3
Wei Chwai-Shio,2,3
Xia Chu,2,3
Hsai Xia-Hse,2,3
Xue Sui-Hsia,2,3
Khao May,2,3
Dee Ju,2,3
Lile Kovy,2,3
Ebel Jaky,2,3
Kaha Pinsky,2,3
Shagar Mani,2,3
Rena Halux,2,3
Anah Mani,2,3
Yeziah Ossman,2,3
Akit Lomstein,2,3
Mara Mani,2,3
Milca Kubo,2,3
Hio Pho-Hu,2,3
Qi Jia,2,3
Ko Pei,2,3
Ke Xia-Tsui,2,3
Kao Jie-Lu,2,3
Zhao De,2,3
Hsi Miao-Sa,2,3
Ko Zu-Zi,2,3
Mei Kwai-Chao,2,3
Hsi Fu,2,3